{"stats":{"minecraft:killed_by":{"minecraft:player":1,"undead_unleashed:frenzied_knight":1},"minecraft:picked_up":{"minecraft:feather":2,"minecraft:chicken":1,"minecraft:leather":4,"minecraft:wooden_pickaxe":1,"minecraft:oak_log":6,"minecraft:dirt":1,"minecraft:acacia_planks":12,"minecraft:wheat_seeds":1,"minecraft:spruce_planks":23,"minecraft:beef":5,"minecraft:stone_pickaxe":3,"minecraft:wooden_shovel":2,"minecraft:dark_oak_stairs":3,"minecraft:stick":12,"minecraft:sandstone":196,"minecraft:acacia_log":2,"minecraft:spruce_stairs":33,"minecraft:porkchop":5,"minecraft:sand":11,"minecraft:dark_oak_planks":1,"minecraft:stone_sword":1,"minecraft:rotten_flesh":1,"minecraft:stone_axe":3,"minecraft:gray_wool":1,"minecraft:oak_sapling":3,"minecraft:mutton":7,"minecraft:white_wool":3,"minecraft:cobblestone":32},"minecraft:custom":{"minecraft:interact_with_furnace":1,"lootr:looted_stat":1,"minecraft:mob_kills":18,"minecraft:interact_with_crafting_table":6,"minecraft:leave_game":2,"minecraft:time_since_death":13843,"minecraft:sleep_in_bed":1,"minecraft:time_since_rest":2436,"minecraft:sprint_one_cm":63131,"minecraft:damage_taken":802,"minecraft:walk_one_cm":46097,"minecraft:drop":7,"minecraft:damage_dealt":2371,"minecraft:swim_one_cm":725,"minecraft:fly_one_cm":91300,"minecraft:player_kills":1,"minecraft:open_chest":3,"minecraft:crouch_one_cm":2511,"minecraft:play_time":26771,"minecraft:deaths":3,"minecraft:sneak_time":2469,"minecraft:walk_under_water_one_cm":5852,"minecraft:jump":456,"minecraft:walk_on_water_one_cm":4496,"minecraft:total_world_time":26771,"minecraft:fall_one_cm":13749},"minecraft:killed":{"minecraft:pig":2,"born_in_chaos_v1:bone_imp_minion":1,"minecraft:zombie_villager":1,"minecraft:horse":1,"minecraft:sheep":4,"minecraft:zombie":2,"minecraft:chicken":1,"endofherobrine:pigman":1,"minecraft:cow":4},"minecraft:dropped":{"minecraft:wheat_seeds":1,"minecraft:stone_sword":1,"minecraft:rotten_flesh":1,"minecraft:wooden_shovel":2,"minecraft:wooden_pickaxe":1},"minecraft:mined":{"minecraft:dark_oak_planks":1,"minecraft:spruce_planks":13,"minecraft:acacia_log":2,"minecraft:grass_block":1,"minecraft:tall_grass":4,"minecraft:sandstone":26,"minecraft:spruce_stairs":19,"minecraft:dark_oak_stairs":2,"minecraft:grass":8,"minecraft:oak_log":6,"minecraft:sand":11,"minecraft:stone":14},"minecraft:crafted":{"minecraft:oak_planks":24,"minecraft:crafting_table":1,"minecraft:stone_axe":1,"minecraft:bread":4,"minecraft:stick":8,"minecraft:stone_pickaxe":1,"minecraft:stone_sword":1,"minecraft:chest":2,"minecraft:white_bed":1,"minecraft:acacia_planks":8},"minecraft:used":{"minecraft:stone_sword":7,"minecraft:stone_pickaxe":19,"minecraft:chest":2,"minecraft:wooden_pickaxe":21,"minecraft:sandstone":14,"minecraft:wooden_shovel":11,"minecraft:dirt":1,"minecraft:sand":11,"minecraft:crafting_table":1,"minecraft:white_bed":1,"minecraft:bread":2,"minecraft:stone_axe":90,"minecraft:oak_sapling":3,"minecraft:porkchop":3}},"DataVersion":3120}