{"stats":{"minecraft:dropped":{"minecraft:stone_sword":1,"minecraft:wooden_shovel":2,"iceandfire:frost_lily":1,"minecraft:wooden_pickaxe":1},"minecraft:mined":{"minecraft:acacia_log":2,"minecraft:sand":11,"minecraft:stone":14,"minecraft:sandstone":7},"minecraft:custom":{"minecraft:time_since_rest":2325,"minecraft:sprint_one_cm":11054,"minecraft:damage_taken":427,"minecraft:walk_one_cm":8233,"minecraft:mob_kills":1,"minecraft:drop":5,"minecraft:damage_dealt":319,"minecraft:swim_one_cm":725,"minecraft:interact_with_crafting_table":3,"minecraft:fly_one_cm":15969,"minecraft:crouch_one_cm":1332,"minecraft:play_time":9133,"minecraft:deaths":1,"minecraft:sneak_time":1213,"minecraft:walk_under_water_one_cm":5852,"minecraft:jump":93,"minecraft:leave_game":2,"minecraft:time_since_death":2293,"minecraft:walk_on_water_one_cm":4496,"minecraft:total_world_time":9133,"minecraft:fall_one_cm":2816},"minecraft:killed":{"minecraft:zombie":1},"minecraft:picked_up":{"minecraft:stick":3,"minecraft:sandstone":70,"minecraft:wooden_pickaxe":1,"minecraft:acacia_log":2,"minecraft:sand":11,"minecraft:stone_sword":1,"minecraft:acacia_planks":4,"minecraft:stone_axe":1,"iceandfire:frost_lily":1,"minecraft:stone_pickaxe":1,"minecraft:wooden_shovel":2,"minecraft:cobblestone":20},"minecraft:crafted":{"minecraft:stick":8,"minecraft:stone_pickaxe":1,"minecraft:stone_sword":1,"minecraft:acacia_planks":8,"minecraft:stone_axe":1},"minecraft:used":{"minecraft:stone_sword":7,"minecraft:wooden_pickaxe":21,"minecraft:sandstone":8,"minecraft:wooden_shovel":11,"minecraft:stone_axe":6,"minecraft:sand":11},"minecraft:killed_by":{"undead_unleashed:frenzied_knight":1}},"DataVersion":3120}