{"stats":{"minecraft:killed_by":{"minecraft:player":1,"undead_unleashed:frenzied_knight":1},"minecraft:picked_up":{"minecraft:stick":9,"minecraft:sandstone":196,"minecraft:wooden_pickaxe":1,"minecraft:acacia_log":2,"minecraft:spruce_stairs":33,"minecraft:sand":11,"minecraft:dark_oak_planks":1,"minecraft:stone_sword":1,"minecraft:acacia_planks":12,"minecraft:stone_axe":3,"minecraft:spruce_planks":23,"minecraft:stone_pickaxe":3,"minecraft:wooden_shovel":2,"minecraft:dark_oak_stairs":3,"minecraft:cobblestone":32},"minecraft:custom":{"minecraft:time_since_rest":1866,"lootr:looted_stat":1,"minecraft:sprint_one_cm":16758,"minecraft:damage_taken":747,"minecraft:walk_one_cm":15418,"minecraft:mob_kills":1,"minecraft:drop":5,"minecraft:damage_dealt":409,"minecraft:swim_one_cm":725,"minecraft:interact_with_crafting_table":3,"minecraft:fly_one_cm":20296,"minecraft:crouch_one_cm":2137,"minecraft:play_time":14771,"minecraft:deaths":3,"minecraft:sneak_time":2097,"minecraft:walk_under_water_one_cm":5852,"minecraft:jump":131,"minecraft:leave_game":2,"minecraft:walk_on_water_one_cm":4496,"minecraft:time_since_death":1843,"minecraft:total_world_time":14771,"minecraft:fall_one_cm":5052},"minecraft:killed":{"minecraft:zombie":1},"minecraft:dropped":{"minecraft:stone_sword":1,"minecraft:wooden_shovel":2,"minecraft:wooden_pickaxe":1},"minecraft:mined":{"minecraft:dark_oak_planks":1,"minecraft:spruce_stairs":19,"minecraft:spruce_planks":13,"minecraft:dark_oak_stairs":2,"minecraft:acacia_log":2,"minecraft:sand":11,"minecraft:stone":14,"minecraft:sandstone":26},"minecraft:crafted":{"minecraft:stick":8,"minecraft:stone_pickaxe":1,"minecraft:stone_sword":1,"minecraft:acacia_planks":8,"minecraft:stone_axe":1},"minecraft:used":{"minecraft:stone_sword":7,"minecraft:stone_pickaxe":19,"minecraft:wooden_pickaxe":21,"minecraft:sandstone":14,"minecraft:wooden_shovel":11,"minecraft:stone_axe":42,"minecraft:sand":11}},"DataVersion":3120}