{"stats":{"minecraft:dropped":{"minecraft:wooden_pickaxe":1,"minecraft:wooden_shovel":2},"minecraft:mined":{"minecraft:acacia_log":2,"minecraft:sand":11,"minecraft:stone":14,"minecraft:sandstone":7},"minecraft:custom":{"minecraft:time_since_rest":3439,"minecraft:crouch_one_cm":1271,"minecraft:play_time":3439,"minecraft:sprint_one_cm":3539,"minecraft:damage_taken":7,"minecraft:walk_one_cm":2283,"minecraft:sneak_time":1075,"minecraft:drop":3,"minecraft:jump":16,"minecraft:leave_game":1,"minecraft:time_since_death":3439,"minecraft:total_world_time":3439,"minecraft:fall_one_cm":478,"minecraft:fly_one_cm":2497},"minecraft:picked_up":{"minecraft:sandstone":7,"minecraft:acacia_log":2,"minecraft:wooden_pickaxe":1,"minecraft:sand":11,"minecraft:wooden_shovel":2,"minecraft:cobblestone":14},"minecraft:used":{"minecraft:wooden_pickaxe":21,"minecraft:wooden_shovel":11}},"DataVersion":3120}