{"stats":{"minecraft:mined":{"minecraft:grass":2,"minecraft:acacia_log":4,"minecraft:spruce_planks":2,"minecraft:sand":31,"iceandfire:frost_lily":1,"minecraft:sandstone":36},"minecraft:custom":{"minecraft:time_since_rest":3891,"minecraft:crouch_one_cm":48,"minecraft:play_time":3891,"minecraft:sprint_one_cm":2714,"minecraft:walk_one_cm":6291,"minecraft:sneak_time":10,"minecraft:jump":33,"minecraft:time_since_death":3891,"minecraft:total_world_time":3891,"minecraft:fall_one_cm":1094,"minecraft:interact_with_crafting_table":2,"minecraft:fly_one_cm":5860},"minecraft:picked_up":{"minecraft:sandstone":35,"minecraft:acacia_log":4,"minecraft:spruce_planks":2,"iceandfire:frost_lily":1,"minecraft:sand":31},"minecraft:crafted":{"minecraft:wooden_shovel":2,"minecraft:acacia_planks":16,"minecraft:crafting_table":1,"minecraft:stick":8,"minecraft:wooden_pickaxe":1},"minecraft:used":{"minecraft:crafting_table":1,"minecraft:wooden_pickaxe":38,"minecraft:wooden_shovel":21}},"DataVersion":3120}