{"stats":{"minecraft:broken":{"minecraft:wooden_pickaxe":1},"minecraft:killed_by":{"undead_unleashed:frenzied_knight":1},"minecraft:picked_up":{"minecraft:stick":2,"minecraft:sandstone":62,"born_in_chaos_v1:seedof_chaos":1,"minecraft:acacia_log":5,"minecraft:wooden_pickaxe":1,"minecraft:spruce_stairs":2,"born_in_chaos_v1:pileof_dark_metal":1,"minecraft:sand":64,"minecraft:oak_log":5,"minecraft:spider_eye":1,"minecraft:string":2,"minecraft:stone_sword":1,"minecraft:bone":7,"minecraft:acacia_planks":6,"minecraft:rotten_flesh":5,"undead_unleashed:grave_metal_ingot":1,"minecraft:spruce_planks":2,"minecraft:stone_pickaxe":2,"undead_unleashed:grave_metal_boots":1,"minecraft:oak_planks":4,"minecraft:acacia_sapling":4,"minecraft:cobblestone":11},"minecraft:custom":{"minecraft:time_since_rest":6647,"minecraft:sprint_one_cm":26550,"minecraft:damage_taken":400,"minecraft:walk_one_cm":37488,"minecraft:mob_kills":4,"minecraft:drop":5,"minecraft:damage_dealt":1177,"minecraft:player_kills":1,"minecraft:swim_one_cm":7253,"minecraft:interact_with_crafting_table":4,"minecraft:fly_one_cm":51036,"minecraft:crouch_one_cm":217,"minecraft:play_time":24478,"minecraft:deaths":1,"minecraft:sneak_time":59,"minecraft:walk_under_water_one_cm":4986,"minecraft:jump":325,"minecraft:leave_game":2,"minecraft:time_since_death":6620,"minecraft:walk_on_water_one_cm":4529,"minecraft:total_world_time":24478,"minecraft:fall_one_cm":8014},"minecraft:killed":{"undead_unleashed:frenzied_knight":1,"born_in_chaos_v1:fallen_chaos_knight":1,"born_in_chaos_v1:wither_scuttler":1,"born_in_chaos_v1:decrepit_skeleton":1},"minecraft:dropped":{"minecraft:wooden_shovel":2,"minecraft:stone_pickaxe":1,"minecraft:wooden_pickaxe":2},"minecraft:mined":{"minecraft:acacia_leaves":1,"minecraft:spruce_planks":2,"minecraft:grass":5,"minecraft:acacia_log":5,"minecraft:oak_log":6,"minecraft:sand":32,"iceandfire:frost_lily":1,"minecraft:stone":7,"minecraft:oak_leaves":1,"minecraft:sandstone":61},"minecraft:crafted":{"minecraft:oak_planks":4,"minecraft:wooden_shovel":2,"minecraft:crafting_table":1,"minecraft:stick":8,"minecraft:wooden_pickaxe":2,"minecraft:stone_pickaxe":1,"minecraft:acacia_planks":20},"minecraft:used":{"minecraft:stone_sword":15,"minecraft:stone_pickaxe":48,"minecraft:wooden_pickaxe":72,"minecraft:wooden_shovel":22,"minecraft:rotten_flesh":2,"minecraft:crafting_table":1}},"DataVersion":3120}