{"stats":{"minecraft:broken":{"minecraft:wooden_pickaxe":1},"minecraft:killed_by":{"minecraft:player":1,"endofherobrine:pigman":1,"undead_unleashed:frenzied_knight":1},"minecraft:picked_up":{"born_in_chaos_v1:monster_flesh":1,"born_in_chaos_v1:seedof_chaos":3,"minecraft:leather":7,"minecraft:brown_wool":1,"minecraft:wooden_pickaxe":1,"minecraft:oak_log":7,"minecraft:string":6,"born_in_chaos_v1:monster_skin":1,"minecraft:bone":18,"minecraft:acacia_planks":18,"undead_unleashed:grave_metal_ingot":1,"minecraft:wheat_seeds":4,"minecraft:spruce_planks":2,"minecraft:beef":6,"minecraft:stone_pickaxe":4,"undead_unleashed:grave_metal_boots":3,"minecraft:light_gray_wool":2,"minecraft:oak_planks":12,"minecraft:acacia_sapling":4,"minecraft:stick":2,"minecraft:sandstone":64,"minecraft:acacia_log":5,"minecraft:spruce_stairs":6,"minecraft:sand":128,"born_in_chaos_v1:pileof_dark_metal":3,"minecraft:porkchop":6,"minecraft:spider_eye":2,"minecraft:stone_sword":3,"minecraft:rotten_flesh":17,"minecraft:peony":8,"minecraft:mutton":6,"minecraft:white_wool":2,"minecraft:cobblestone":19},"minecraft:custom":{"minecraft:interact_with_furnace":3,"lootr:looted_stat":1,"minecraft:mob_kills":20,"minecraft:interact_with_crafting_table":6,"minecraft:leave_game":2,"minecraft:time_since_death":8222,"minecraft:sleep_in_bed":1,"minecraft:time_since_rest":2389,"minecraft:sprint_one_cm":73348,"minecraft:damage_taken":1008,"minecraft:walk_one_cm":68406,"minecraft:drop":6,"minecraft:damage_dealt":3758,"minecraft:swim_one_cm":7253,"minecraft:fly_one_cm":105568,"minecraft:player_kills":1,"minecraft:open_chest":3,"minecraft:crouch_one_cm":267,"minecraft:play_time":35239,"minecraft:deaths":3,"minecraft:sneak_time":74,"minecraft:walk_under_water_one_cm":4986,"minecraft:jump":605,"minecraft:walk_on_water_one_cm":4529,"minecraft:total_world_time":35239,"minecraft:fall_one_cm":13506},"minecraft:killed":{"born_in_chaos_v1:fallen_chaos_knight":1,"minecraft:pig":2,"born_in_chaos_v1:wither_scuttler":1,"minecraft:spider":1,"born_in_chaos_v1:decrepit_skeleton":1,"undead_unleashed:frenzied_knight":1,"minecraft:sheep":4,"minecraft:zombie":5,"undead_unleashed:haunter":1,"minecraft:cow":4},"minecraft:dropped":{"minecraft:light_gray_wool":1,"minecraft:wooden_shovel":2,"minecraft:stone_pickaxe":1,"minecraft:wooden_pickaxe":2},"minecraft:mined":{"minecraft:acacia_leaves":1,"minecraft:spruce_planks":2,"minecraft:acacia_log":5,"minecraft:tall_grass":2,"minecraft:sandstone":61,"minecraft:peony":9,"minecraft:grass":26,"minecraft:oak_log":8,"minecraft:sand":32,"iceandfire:frost_lily":1,"minecraft:stone":7,"minecraft:oak_leaves":1},"minecraft:crafted":{"minecraft:wooden_shovel":2,"minecraft:oak_planks":4,"minecraft:crafting_table":2,"minecraft:wooden_pickaxe":2,"minecraft:furnace":1,"minecraft:bone_meal":3,"minecraft:pink_dye":16,"minecraft:cooked_mutton":4,"minecraft:air":0,"minecraft:pink_wool":2,"minecraft:white_dye":1,"minecraft:stick":8,"minecraft:stone_pickaxe":1,"minecraft:acacia_planks":20},"minecraft:used":{"minecraft:cooked_mutton":2,"minecraft:stone_sword":103,"minecraft:stone_pickaxe":48,"minecraft:wooden_pickaxe":72,"minecraft:wooden_shovel":22,"minecraft:rotten_flesh":2,"minecraft:crafting_table":2,"minecraft:furnace":1,"minecraft:porkchop":3}},"DataVersion":3120}